{
  "config": {
    "dataset": "publisher_full",
    "model_name": "roberta-base",
    "output_dir": "results/roberta_ft_publisher_e2_light",
    "seed": 42,
    "train_ratio": 0.8,
    "val_ratio": 0.1,
    "min_label_frequency": 2,
    "max_examples": 0,
    "max_length": 256,
    "learning_rate": 2e-05,
    "weight_decay": 0.01,
    "batch_size": 8,
    "epochs": 2,
    "warmup_ratio": 0.1,
    "device": "auto",
    "gradient_accumulation": 1,
    "save_model": false,
    "keep_checkpoints": false,
    "threshold_low": 0.05,
    "threshold_high": 0.95,
    "threshold_step": 0.05,
    "max_top_k": 5,
    "disable_grade_filter": false
  },
  "label_count": 364,
  "split_sizes_raw": {
    "train": 1714,
    "val": 214,
    "test": 216
  },
  "split_sizes_used": {
    "train": 1661,
    "val": 198,
    "test": 198
  },
  "best_decode_mode": "topk",
  "best_decode_param": 3,
  "val_metrics_best_decode": {
    "standard": {
      "precision": 0.04882154882154882,
      "recall": 0.10740740740740741,
      "f1": 0.06712962962962964,
      "exact_match": 0.0,
      "total": 198
    },
    "cluster": {
      "precision": 0.13878326996197718,
      "recall": 0.3080168776371308,
      "f1": 0.1913499344692005,
      "exact_match": 0.005050505050505051,
      "total": 198
    },
    "domain": {
      "precision": 0.23440860215053763,
      "recall": 0.5,
      "f1": 0.3191800878477306,
      "exact_match": 0.050505050505050504,
      "total": 198
    }
  },
  "test_metrics_best_decode": {
    "standard": {
      "precision": 0.05387205387205387,
      "recall": 0.11851851851851852,
      "f1": 0.07407407407407407,
      "exact_match": 0.0,
      "total": 198
    },
    "cluster": {
      "precision": 0.13358778625954199,
      "recall": 0.28112449799196787,
      "f1": 0.18111254851228978,
      "exact_match": 0.010101010101010102,
      "total": 198
    },
    "domain": {
      "precision": 0.23717948717948717,
      "recall": 0.4805194805194805,
      "f1": 0.31759656652360513,
      "exact_match": 0.045454545454545456,
      "total": 198
    }
  },
  "num_error_examples_test": 198
}