{
  "config": {
    "model_name": "roberta-base",
    "batch_size": 16,
    "max_length": 256,
    "seed": 42,
    "train_ratio": 0.8,
    "val_ratio": 0.1,
    "device": "auto",
    "max_examples": 0,
    "disable_grade_filter": false,
    "output_dir": "a3/krish/results/adaptations/hierarchical",
    "epochs_note": ""
  },
  "split_sizes": {
    "train": 1714,
    "val": 214,
    "test": 216
  },
  "best_val_decoding": {
    "k_domain": 1,
    "k_cluster": 1,
    "k_standard": 3,
    "metrics": {
      "domain": {
        "precision": 0.20093457943925233,
        "recall": 0.1799163179916318,
        "f1": 0.18984547461368653,
        "exact_match": 0.16822429906542055,
        "total": 214
      },
      "cluster": {
        "precision": 0.14018691588785046,
        "recall": 0.11538461538461539,
        "f1": 0.12658227848101267,
        "exact_match": 0.10747663551401869,
        "total": 214
      },
      "standard": {
        "precision": 0.0546448087431694,
        "recall": 0.10135135135135136,
        "f1": 0.07100591715976332,
        "exact_match": 0.009345794392523364,
        "total": 214
      }
    }
  },
  "test_metrics": {
    "domain": {
      "precision": 0.18518518518518517,
      "recall": 0.15810276679841898,
      "f1": 0.17057569296375266,
      "exact_match": 0.125,
      "total": 216
    },
    "cluster": {
      "precision": 0.09722222222222222,
      "recall": 0.07692307692307693,
      "f1": 0.08588957055214724,
      "exact_match": 0.06018518518518518,
      "total": 216
    },
    "standard": {
      "precision": 0.03314917127071823,
      "recall": 0.06,
      "f1": 0.04270462633451957,
      "exact_match": 0.0,
      "total": 216
    }
  },
  "error_propagation": {
    "n": 216,
    "wrong_domain_count": 189,
    "wrong_standard_count": 216,
    "wrong_standard_and_wrong_domain_count": 189,
    "p_wrong_domain": 0.875,
    "p_wrong_standard": 1.0,
    "p_wrong_standard_given_wrong_domain": 1.0
  }
}