{
  "annotators": [
    "krish",
    "sera",
    "teacher_buddy",
    "zane"
  ],
  "shared_count": 20,
  "standard": {
    "alpha": 0.263101143957413,
    "items": 1340,
    "annotators": 4
  },
  "cluster": {
    "alpha": 0.33035114503816787,
    "items": 900,
    "annotators": 4
  },
  "domain": {
    "alpha": 0.4133840510800163,
    "items": 600,
    "annotators": 4
  },
  "grade": {
    "alpha": 0.49176932525426953,
    "items": 240,
    "annotators": 4
  },
  "no_grade": {
    "alpha": 0.2835049683830172,
    "items": 1180,
    "annotators": 4
  }
}