{
  "google:gemini-3.1-pro-preview": {
    "preds": "preds/google_gemini-3.1-pro-preview.jsonl",
    "metrics": {
      "standard": {
        "precision": 0.6818181818181818,
        "recall": 0.3409090909090909,
        "f1": 0.45454545454545453,
        "exact_match": 0.4,
        "total": 40
      },
      "cluster": {
        "precision": 0.7142857142857143,
        "recall": 0.375,
        "f1": 0.4918032786885245,
        "exact_match": 0.4,
        "total": 40
      },
      "domain": {
        "precision": 0.7142857142857143,
        "recall": 0.39473684210526316,
        "f1": 0.5084745762711864,
        "exact_match": 0.45,
        "total": 40
      }
    }
  },
  "openai:gpt-5.2": {
    "preds": "preds/openai_gpt-5.2.jsonl",
    "metrics": {
      "standard": {
        "precision": 0.44642857142857145,
        "recall": 0.5681818181818182,
        "f1": 0.5,
        "exact_match": 0.35,
        "total": 40
      },
      "cluster": {
        "precision": 0.52,
        "recall": 0.65,
        "f1": 0.5777777777777778,
        "exact_match": 0.4,
        "total": 40
      },
      "domain": {
        "precision": 0.5869565217391305,
        "recall": 0.7105263157894737,
        "f1": 0.6428571428571428,
        "exact_match": 0.5,
        "total": 40
      }
    }
  },
  "anthropic:claude-sonnet-4-6": {
    "preds": "preds/anthropic_claude-sonnet-4-6.jsonl",
    "metrics": {
      "standard": {
        "precision": 0.4,
        "recall": 0.5909090909090909,
        "f1": 0.47706422018348627,
        "exact_match": 0.375,
        "total": 40
      },
      "cluster": {
        "precision": 0.48148148148148145,
        "recall": 0.65,
        "f1": 0.553191489361702,
        "exact_match": 0.475,
        "total": 40
      },
      "domain": {
        "precision": 0.5208333333333334,
        "recall": 0.6578947368421053,
        "f1": 0.5813953488372092,
        "exact_match": 0.525,
        "total": 40
      }
    }
  }
}